url,comms_num,date,sentiment_score,all_found_companies
https://www.reddit.com/r/wallstreetbets/comments/eipxnr/good_time_to_get_on_blue/,18,2020-01-02 02:53:34,0.5395040650406503,TWO ET
https://www.reddit.com/r/wallstreetbets/comments/eipw3g/buy_intu_dd/,4,2020-01-02 02:50:05,0.8578060606060607,
https://www.reddit.com/r/wallstreetbets/comments/einx0a/psn_parsons_company/,7,2020-01-02 00:15:40,0.11812051282051285,COF
https://www.reddit.com/r/wallstreetbets/comments/eij248/how_to_trade_like_a_professional_stonks_autist_in/,21,2020-01-01 17:49:22,0.6227067567567567,IQ TSLA
https://www.reddit.com/r/wallstreetbets/comments/ej3c1v/amd_spiked_today_maybe_bc_of_increased_orders_21/,2,2020-01-02 23:00:56,0.2316761904761905,QCOM AAPL COF AMD
https://i.redd.it/bq411f1srd841.jpg,1,2020-01-02 18:05:10,0.07586666666666664,
https://www.reddit.com/r/wallstreetbets/comments/eixsgh/januarys_first_five_days_an_early_warning_system/,26,2020-01-02 15:43:45,-0.07023666666666667,
https://www.reddit.com/r/wallstreetbets/comments/eixf07/weed_stock_estimated_sales_data_for_dried_flower/,17,2020-01-02 15:02:45,0.14869102564102565,
https://charts.stocktwits.com/production/original_188529018.png,0,2020-01-02 14:58:58,0.0,
https://www.reddit.com/r/wallstreetbets/comments/eiu8rw/is_this_year_going_to_be_tsmcs_first_time_selling/,1,2020-01-02 08:55:28,0.14543333333333333,
https://i.redd.it/ra02aozgno841.png,1,2020-01-04 06:40:37,-0.18076666666666666,
https://www.reddit.com/r/wallstreetbets/comments/ejo5v2/vet_vermilion_energy/,10,2020-01-04 02:58:41,-0.2239047619047619,
https://www.reddit.com/r/wallstreetbets/comments/ejmypd/war_and_geopolitical_crises_can_be/,22,2020-01-04 01:31:58,0.5925471544715447,COF
https://twitter.com/JZarif/status/1212946202280579073?s=19,0,2020-01-03 17:08:36,0.1806,
https://www.reddit.com/r/wallstreetbets/comments/ejcz87/dd_on_the_waring_twenties/,86,2020-01-03 12:09:08,-0.10582554744525544,RTX DOW
https://i.redd.it/rwc2fuu42w841.jpg,0,2020-01-05 07:35:15,0.0,
https://www.reddit.com/r/wallstreetbets/comments/ek0sp4/peloton_system_down/,2,2020-01-04 22:02:52,0.18943333333333331,
https://www.reddit.com/r/wallstreetbets/comments/ejy0zx/long_time_lurker_first_time_poster_calls_on_rtn/,6,2020-01-04 18:36:30,-0.003414814814814813,
https://www.reddit.com/r/wallstreetbets/comments/ekmai2/guys_ba_is_actually_going_to_be_hurting_the_737/,30,2020-01-06 04:07:36,-0.1909554545454545,REAL
https://theintercept.com/2019/05/28/arms-manufacturers-investors-iran-business/,0,2020-01-06 02:52:26,-0.1591,
https://i.redd.it/6kb6722q31941.jpg,0,2020-01-06 00:33:04,0.49965,
https://www.reddit.com/r/wallstreetbets/comments/ekij8t/peloton_has_60_short_interest/,123,2020-01-05 23:25:09,0.3969318681318681,COF
https://www.reddit.com/r/wallstreetbets/comments/ekgsi1/pton_outage_yesterday_and_short_interest_update/,39,2020-01-05 21:23:56,0.4893555555555555,PTON
https://i.redd.it/c4rdt9w9z7941.jpg,0,2020-01-06 23:40:37,0.17,
https://www.reddit.com/r/wallstreetbets/comments/ekzf23/a_previewddleak_for_amd_before_option_market/,36,2020-01-06 23:03:57,0.3200698198198198,COF AMD NOW
https://www.reddit.com/r/wallstreetbets/comments/ekrhir/another_roller_coaster_week_for_nio/,17,2020-01-06 11:54:12,0.05313333333333334,
https://www.reddit.com/r/wallstreetbets/comments/ekqr4t/sds_is_the_poormans_spy/,9,2020-01-06 10:34:43,-0.4752033333333334,SPY  SPY
https://www.reddit.com/r/wallstreetbets/comments/elndl0/i_am_calling_it_iran_play/,51,2020-01-08 07:05:36,0.4320121212121213,SPY M AM
https://on.mktw.net/39SngcC,0,2020-01-08 07:00:53,-0.31795,
https://www.reddit.com/r/wallstreetbets/comments/elkca0/were_still_2_years_away_from_recession_dd/,17,2020-01-08 03:09:41,-0.527091304347826,SPY  SPY
https://www.reddit.com/r/wallstreetbets/comments/elhnsk/mtlmechel_dd/,8,2020-01-08 00:00:14,0.2651266666666667,
https://www.reddit.com/r/wallstreetbets/comments/elc7mf/im_a_physician_and_im_long_krtx_dd_inside/,156,2020-01-07 17:26:29,0.30916117751217354,COF EDIT BMY SIX
https://www.reddit.com/r/wallstreetbets/comments/el6xlm/beyond_air_xair_dd/,35,2020-01-07 08:23:21,0.32072,STOR
https://www.reddit.com/r/worldnews/comments/elv5os/trump_announces_to_seek_peace_with_iran/?utm_source=share&utm_medium=ios_app&utm_name=iossmf,0,2020-01-09 05:30:41,0.20015,
https://v.redd.it/0be8i2skfm941,1,2020-01-09 00:18:10,0.2476666666666667,
https://www.reddit.com/r/wallstreetbets/comments/elvvdm/an_open_letter_to_uber_bears/,20,2020-01-08 20:33:16,0.3053694444444444,UBER LYFT D
https://i.redd.it/k1j46xpv3u941.png,0,2020-01-10 02:05:59,0.1366,
https://www.reddit.com/r/wallstreetbets/comments/emed5f/sbux_221_95c_is_a_buy/,50,2020-01-09 22:14:10,0.7263666666666667,SBUX
https://www.reddit.com/r/wallstreetbets/comments/emdcmi/amd_vs_tsla_share_price_inverse_theory/,24,2020-01-09 21:01:59,0.4911538152610442,COF AMD TSLA
https://www.reddit.com/r/wallstreetbets/comments/emb3a6/long_dis/,16,2020-01-09 18:24:49,0.287059649122807,
https://www.reddit.com/r/wallstreetbets/comments/em5nuf/meet_apls_apellis_pharmaceuticals_alexions_newest/,13,2020-01-09 09:10:58,0.007278787878787885,
https://www.reddit.com/r/wallstreetbets/comments/en2nh4/iran_nuclear_countdown/,36,2020-01-11 07:16:42,0.3101888888888889,
https://www.reddit.com/r/wallstreetbets/comments/en0jya/tsm_60_call_23_month_dte_is_the_play_right_now/,10,2020-01-11 04:18:42,0.1563717948717949,AAPL AMD TSM
https://www.reddit.com/r/wallstreetbets/comments/en0gc3/tonight_is_a_full_moon_so_short_spy_here_me_out/,49,2020-01-11 04:10:34,0.7355766975308642,SPY  SPY
https://www.reddit.com/r/wallstreetbets/comments/emvzyj/lets_talk_nlok_for_dummies/,19,2020-01-10 22:39:14,0.3625047619047619,
https://www.reddit.com/r/wallstreetbets/comments/enhtzt/my_dd_on_why_spce_is_going_to_the_moon/,76,2020-01-12 05:56:12,0.5630270440251572,COF
https://www.reddit.com/r/wallstreetbets/comments/encxni/reiterating_crc_dd/,26,2020-01-11 23:41:29,-0.2345960317460317,SLB HAL FET COF SLB TSLA HAL OXY PM
https://www.reddit.com/r/wallstreetbets/comments/en8n1q/bulls_bears_idgaf_who_you_are_listen_up_bynd_is/,93,2020-01-11 18:21:19,0.5654135833333332,BYND MCD BYND MA
https://www.reddit.com/r/wallstreetbets/comments/en6af2/phase_1_trade_deal_a_given_nope/,50,2020-01-11 14:19:47,-0.15317916666666664,
https://i.redd.it/k7mmmhmvd3a41.jpg,0,2020-01-11 09:17:41,0.2553,
https://www.reddit.com/r/wallstreetbets/comments/enp896/pton_short_interest_and_borrow_rates_update_as_of/,93,2020-01-12 19:07:09,0.2091347222222222,PTON
https://i.imgur.com/QyIwzI7.jpg,0,2020-01-12 08:39:59,0.0,
https://www.reddit.com/r/wallstreetbets/comments/eof5wh/jp_morgan_earnings_will_take_the_market_to_the/,15,2020-01-14 05:58:47,0.5504513333333333,NFLX COF
https://www.reddit.com/r/wallstreetbets/comments/eoeohc/bynd_is_a_scam_dd_inside/,15,2020-01-14 05:21:33,0.09490961538461537,COF
https://www.reddit.com/r/wallstreetbets/comments/eod3kl/you_guys_are_all_retarded_semiconductors_and_data/,55,2020-01-14 03:21:34,0.1769816666666667,TSM AYX MSFT AAPL COF TSM AYX
https://www.reddit.com/r/wallstreetbets/comments/eoc9ob/oh_sht_from_zero_to_hero_on_snap_and_yes_i_also/,5,2020-01-14 02:18:59,0.4127746031746032,TGT COF
https://www.reddit.com/r/wallstreetbets/comments/eobt53/short_pinterest_dd_inside/,20,2020-01-14 01:46:15,0.022743715846994538,PINS
https://www.reddit.com/r/wallstreetbets/comments/eo725w/supreme_court_orders_a_seizure_of_local_jpm_assets/,20,2020-01-13 20:16:27,-0.20374882629107985,JPM
https://www.reddit.com/r/wallstreetbets/comments/eo6dnj/this_week_will_kick_off_selling_in_the_financial/,28,2020-01-13 19:28:38,-0.07275948717948717,
https://www.reddit.com/r/wallstreetbets/comments/eo684w/amzn_earnings_expect_to/,84,2020-01-13 19:17:26,0.3264342233009709,AMZN NFLX AAPL FB AMZN
https://www.reddit.com/r/wallstreetbets/comments/eo658g/pton_available_shares_and_short_interest_update/,20,2020-01-13 19:11:34,0.5170079365079365,BYND PTON TSLA
https://www.reddit.com/r/wallstreetbets/comments/eo4zfq/buy_into_the_smh_etf_for_end_of_month_calls/,33,2020-01-13 17:43:04,0.3834358695652174,INTC INTC AMD TSM MU
https://www.reddit.com/r/wallstreetbets/comments/eowpfo/my_dd_on_marijuana_stocks/,14,2020-01-15 06:30:13,-0.1617375,TLRY MJ
https://www.reddit.com/r/wallstreetbets/comments/eor2gh/delta_made_emergency_landing_at_lax_this/,69,2020-01-14 23:37:40,-0.5013074468085107,
https://www.reddit.com/r/wallstreetbets/comments/eoq46k/wheres_the_doctor_that_plugged_krtx_in_here_up_22/,22,2020-01-14 22:33:13,0.09692403846153846,
https://www.reddit.com/r/wallstreetbets/comments/eop722/amzn_why_amazon_is_going_to_dominate_the_next/,225,2020-01-14 21:28:36,0.27951884765625,PEP MSFT COF STOR TGT AMZN M D EDIT F
https://www.reddit.com/r/wallstreetbets/comments/eoom13/short_aapl_now/,1,2020-01-14 20:47:58,0.14543333333333333,
https://www.reddit.com/r/wallstreetbets/comments/eoo2py/going_to_crash_very_soon/,22,2020-01-14 20:07:49,0.08817659574468087,
https://www.reddit.com/r/wallstreetbets/comments/epcr3k/dd_on_credit_cards/,50,2020-01-16 05:26:40,-0.1323772727272727,MA V BYND
https://www.reddit.com/r/wallstreetbets/comments/epc4op/yet_another_spce_dd_for_all_ye_autists/,37,2020-01-16 04:37:41,0.3965517906336089,TSLA GOOG BYND AAPL AMZN FB SPCE NFLX COF AMZN NFLX TSLA AAPL GOOG BYND SPCE FB
https://www.reddit.com/r/wallstreetbets/comments/epc3uy/gather_round_all_ye_autists_for_some_spce_dd/,2,2020-01-16 04:35:42,0.07271666666666668,
https://www.reddit.com/r/wallstreetbets/comments/epbh4u/mtch_quietly_reaching_alltime_highs_lube_up_and/,48,2020-01-16 03:44:52,-0.09818109965635737,MTCH FB COF MTCH
https://www.reddit.com/r/wallstreetbets/comments/epba23/tsla_to_500_tomorrow/,103,2020-01-16 03:30:04,-0.3688927648578811,TSLA
https://ca.finance.yahoo.com/news/fed-announces-plans-repo-operations-202203391.html,0,2020-01-16 01:50:22,0.0,
https://www.reddit.com/r/wallstreetbets/comments/ep8p1g/long_rvlv/,11,2020-01-16 00:23:23,0.15794285714285713,RVLV COF
https://www.reddit.com/r/wallstreetbets/comments/ep8e6k/nio_dd/,11,2020-01-16 00:02:35,0.4370595238095238,
https://www.reddit.com/r/wallstreetbets/comments/ep4oap/target_down_8_after_not_meeting_expectations_for/,30,2020-01-15 19:44:43,-0.17692333333333324,TGT WMT
https://www.reddit.com/r/wallstreetbets/comments/ep3wjh/mcdonalds_mcd/,18,2020-01-15 18:44:55,0.3693413793103448,MCD
https://www.reddit.com/r/wallstreetbets/comments/ep3b0u/pton_updated_short_interest_and_borrow_rate_jan/,35,2020-01-15 17:56:17,0.4390560975609756,
https://www.reddit.com/r/wallstreetbets/comments/ep356i/tesla_to_6000_in_5_years_china_says_no/,2,2020-01-15 17:42:33,-0.0444,
https://www.reddit.com/r/wallstreetbets/comments/ep20mc/get_in_on_ebay_earnings_calls/,22,2020-01-15 15:59:41,0.0012740740740740757,
https://www.reddit.com/r/wallstreetbets/comments/ep12lg/centamin_set_for_huge_loss/,16,2020-01-15 14:21:01,-0.3041625,
https://www.reddit.com/r/wallstreetbets/comments/eoyxg5/another_warning_thread_tread_carefully_autists/,303,2020-01-15 09:58:19,-0.41402757111597377,COF YOLO
https://www.reddit.com/r/wallstreetbets/comments/epuzin/alibaba_baba_will_keep_dropping_till_it_doesnt/,29,2020-01-17 06:52:25,0.2976571428571429,COF TSLA BABA
https://www.reddit.com/r/wallstreetbets/comments/eptuc6/why_a_recession_is_not_in_the_cards_and_the_2020s/,21,2020-01-17 05:19:34,0.15104742547425476,COF
https://www.reddit.com/r/wallstreetbets/comments/ept9sn/tesla_ca_registration_numbers_are_fake_news_buy/,14,2020-01-17 04:33:30,0.69200625,
https://www.reddit.com/r/wallstreetbets/comments/ept21a/lyft_is_going_dd_inside_no_coffee_you_autists/,50,2020-01-17 04:16:45,-0.13926208333333331,
https://www.reddit.com/r/wallstreetbets/comments/epol86/sbux_calls/,20,2020-01-16 22:56:31,0.2133833333333333,SBUX SBUX
https://www.reddit.com/r/wallstreetbets/comments/epnsmp/go_all_in_on_tsla_now_opportunity_of_a_life_time/,42,2020-01-16 22:00:12,0.4181021857923497,TSLA
https://www.reddit.com/r/wallstreetbets/comments/eplp1z/baba_at_discount/,15,2020-01-16 19:34:01,0.08220208333333333,
https://www.reddit.com/r/wallstreetbets/comments/epkuef/google_says_spce_to_the_moon/,22,2020-01-16 18:31:58,0.08373888888888888,SPCE  SPCE
https://www.reddit.com/r/wallstreetbets/comments/epkndq/an_investigation_into_auroras_acb_financials/,39,2020-01-16 18:16:46,0.3837054474708171,COF C ACB
https://www.youtube.com/watch?v=VGosZWBTF7A,0,2020-01-16 18:16:10,0.0,
https://www.reddit.com/r/wallstreetbets/comments/epk8po/spce_to_the_moon_dd_inside/,132,2020-01-16 17:45:37,0.4328757037037037,
https://youtu.be/OVmqdLZh2Os,0,2020-01-16 12:13:04,0.49965,
https://www.reddit.com/r/wallstreetbets/comments/epghxl/apple_dd/,11,2020-01-16 11:18:28,0.053414583333333335,AAPL
https://www.reddit.com/r/wallstreetbets/comments/epg2xz/baba_stock_split/,53,2020-01-16 10:29:38,0.2647354838709677,
https://www.reddit.com/r/wallstreetbets/comments/epfy8o/how_the_market_responds_to_geometric_means_of_fds/,7,2020-01-16 10:14:55,0.4114880952380953,
https://www.reddit.com/r/wallstreetbets/comments/eq6k1r/i_hate_chinese_stocks_but_here_is_a_case_for_nio/,65,2020-01-18 00:10:50,-0.05860400000000001,
https://www.reddit.com/r/wallstreetbets/comments/eq5f1g/aapl_330_c_320_and_340_c_619_are_good_buys/,31,2020-01-17 22:51:10,0.6269555555555556,AAPL INTC AMD SBUX
https://www.reddit.com/r/wallstreetbets/comments/eq3pqk/remember_my_mcd_call_well_the_new_play_is_yum/,84,2020-01-17 20:47:52,0.63278125,MCD
https://www.reddit.com/r/wallstreetbets/comments/eq2i3j/fresh_tsla_hit_piece/,11,2020-01-17 19:18:58,0.18152482269503545,
https://i.redd.it/0ao5gm0t0ab41.jpg,0,2020-01-17 08:41:01,0.4997,
https://i.redd.it/8adlfiz7u9b41.jpg,0,2020-01-17 08:04:07,0.4986,
https://i.redd.it/6u89j97csnb41.jpg,0,2020-01-19 06:59:16,0.20095,
https://i.redd.it/3gln5qovrnb41.jpg,0,2020-01-19 06:57:10,0.20095,
https://www.reddit.com/r/wallstreetbets/comments/eqqna0/retail_brokerage_execution_quality_comparison/,21,2020-01-19 05:42:46,0.08747777777777778,
https://www.reddit.com/r/wallstreetbets/comments/eqq3o9/follow_up_to/,7,2020-01-19 04:54:40,0.3658333333333334,SPY TSLA
https://www.reddit.com/r/wallstreetbets/comments/eqk1x9/in_regards_to_wsbs_takeover_of_detroit_free_money/,346,2020-01-18 21:20:04,0.5002340499912602,
https://www.reddit.com/r/wallstreetbets/comments/eqi3bx/asml_2019q4_earnings_on_the_22nd_is_gonna_moon/,15,2020-01-18 19:01:32,0.4505232323232324,INTC
https://i.redd.it/5el578a96kb41.jpg,0,2020-01-18 18:49:24,0.2202,
https://www.reddit.com/r/wallstreetbets/comments/er83vl/tsm_calls_to_the_moon/,40,2020-01-20 07:35:43,0.7708494382022472,TGT INTC HPQ TSM
https://www.reddit.com/r/wallstreetbets/comments/er7yml/lscc_dd/,5,2020-01-20 07:23:08,0.10427777777777776,AAPL
https://www.reddit.com/r/wallstreetbets/comments/er7htw/why_dont_we_just_invade_canada_for_free_land_and/,42,2020-01-20 06:45:22,0.5772486725663717,MCD
https://www.reddit.com/r/wallstreetbets/comments/er65f1/half_of_libyan_oil_production_stopped/,24,2020-01-20 04:55:34,0.2508824242424242,
https://www.reddit.com/r/wallstreetbets/comments/er5ip4/long_live_azure_microsoft_will_moonwalk_past_180/,143,2020-01-20 04:04:38,0.5384803393213572,MSFT GOOG AMZN BABA IBM MSFT COF AMZN BABA YOLO MSFT IBM
https://www.reddit.com/r/wallstreetbets/comments/er3dc5/short_bbw/,35,2020-01-20 01:20:52,0.2847071729957806,
https://i.redd.it/xo9c4byjarb41.jpg,0,2020-01-19 18:45:57,0.0,
https://www.reddit.com/r/wallstreetbets/comments/eqx98p/in_the_past_3_months_levi_strauss_has_recovered/,27,2020-01-19 18:01:28,-0.3756777777777778,LEVI  ACB LEVI
https://thenextweb.com/cars/2020/01/20/500000-teslas-risk-recall-sudden-acceleration-complaints/,0,2020-01-21 05:21:29,-0.49965,
https://imgur.com/29XXjiq,0,2020-01-21 04:39:05,0.0,
https://www.reddit.com/r/wallstreetbets/comments/ermnes/fdx_dd/,15,2020-01-21 03:37:05,0.14289833333333335,FDX RTX FDX
https://www.reddit.com/r/wallstreetbets/comments/erl13w/ba_puts_bring_me_tendies/,48,2020-01-21 01:39:04,0.4371025157232704,BA  BA
https://www.reddit.com/r/wallstreetbets/comments/erh300/my_semicon_dd/,59,2020-01-20 21:14:51,-0.11637796610169493,TSM AMD NVDA AAPL INTC AMD TSM
https://www.reddit.com/r/wallstreetbets/comments/ergsyy/sars_20_we_all_might_die/,82,2020-01-20 20:56:49,-0.4997520726859739,SPY TSLA
https://www.reddit.com/r/wallstreetbets/comments/erfbs9/tsla_literaly_worst_stock_out_there/,48,2020-01-20 19:18:35,0.08345291666666665,COF TSLA
https://www.reddit.com/r/wallstreetbets/comments/erd2is/intel_server_chip_shortages_continue_to_bite_hpe/,19,2020-01-20 16:16:14,0.07565583333333335,INTC HPQ AMD
https://www.reddit.com/r/wallstreetbets/comments/es54yg/coronavirus_dd/,12,2020-01-22 05:06:16,-0.1737316666666667,DAL UAL
https://www.reddit.com/r/wallstreetbets/comments/es1kly/mild_dd_on_the_coronavirus_outbreak_and/,14,2020-01-22 00:40:41,0.431722641509434,
https://i.redd.it/4q1rl9ppq6c41.png,0,2020-01-21 22:44:07,0.0,
https://www.reddit.com/r/wallstreetbets/comments/erzc4v/coronavirus_outbreak_in_china/,14,2020-01-21 22:08:18,0.01853452380952381,ABBV  ABBV
https://www.thestreet.com/investing/tesla-price-target-raised-to-800,0,2020-01-21 18:56:50,0.0,
https://i.redd.it/0wd1jmauh5c41.png,0,2020-01-21 18:33:09,-0.1591,
https://www.reddit.com/r/wallstreetbets/comments/ervhvz/corona_virus_is_a_wynn/,8,2020-01-21 17:38:19,0.1562746666666667,WYNN LVS
https://www.reddit.com/r/wallstreetbets/comments/ervde9/earnings_predictions_for_121_to_124/,10,2020-01-21 17:28:01,0.01674583333333333,
https://www.reddit.com/r/wallstreetbets/comments/erv41d/serious_swot_analysis_of_spce/,80,2020-01-21 17:05:30,-0.12499075043630015,
https://www.reddit.com/r/wallstreetbets/comments/esnn1l/spce_is_a_dilution_machine_dd/,106,2020-01-23 06:44:33,0.4604298449612403,SPCE
https://www.reddit.com/r/wallstreetbets/comments/esk0rx/wuhan_coronavirus_apt_mmm_ddish/,12,2020-01-23 02:14:40,-0.31243777777777776,MMM APT  MMM APT
https://v.redd.it/phxi7dktqec41,0,2020-01-23 01:40:18,0.0,
https://www.reddit.com/r/wallstreetbets/comments/esiyaa/epizyme_tazemetostat_likely_to_be_approved_by_fda/,43,2020-01-23 00:57:51,0.007371391076115484,
https://www.reddit.com/r/wallstreetbets/comments/esit41/spy_puts/,28,2020-01-23 00:47:38,-0.6462956790123457,SPY TGT COF SPY YOLO
https://www.reddit.com/r/wallstreetbets/comments/esi4l2/coronavirus_is_worth_than_we_think_which_is_im/,0,2020-01-23 00:01:00,0.11315,
https://www.reddit.com/r/wallstreetbets/comments/eseu6c/potential_take_over_aerospace_company/,23,2020-01-22 20:04:34,0.5582325396825397,M BA LMT
https://www.reddit.com/r/wallstreetbets/comments/eset1m/opportunities_and_risks_for_spce_over_the_next_12/,27,2020-01-22 20:02:25,-0.04623130630630631,
https://www.reddit.com/r/wallstreetbets/comments/ese634/the_mods_dont_want_you_to_know_5_days_ago_i/,59,2020-01-22 19:14:25,0.4320233532934132,TSLA SNAP FB SNAP FANG FB SNAP TSLA
https://www.reddit.com/r/wallstreetbets/comments/ese4ad/pton_updated_short_interest_and_borrow_rates/,13,2020-01-22 19:10:30,0.4718198412698413,PTON
https://twitter.com/elonmusk/status/1219881215156801537,0,2020-01-22 13:41:51,0.4985,
https://www.reddit.com/r/wallstreetbets/comments/es7wbj/luckin/,40,2020-01-22 09:09:57,-0.018417,
https://www.reddit.com/r/wallstreetbets/comments/es7l12/chinese_face_masks_are_selling_like_hot_cakes_buy/,19,2020-01-22 08:39:03,0.49738999999999994,
https://i.redd.it/mj8dh7qn9nc41.jpg,0,2020-01-24 06:17:58,0.0,
https://www.reddit.com/r/wallstreetbets/comments/et4fzy/many_videos_popping_up_on_social_media_showing/,12,2020-01-24 06:17:14,-0.2513609375,
https://www.reddit.com/r/wallstreetbets/comments/et3pze/intc_to_70_by_eom_80_by_march/,20,2020-01-24 05:18:01,-0.24855114155251146,AMD INTC
https://www.reddit.com/r/wallstreetbets/comments/et2r3d/i_need_some_tips_on_how_to_play_amd_er_no_homo/,42,2020-01-24 04:02:36,0.3155659574468085,
https://www.reddit.com/r/wallstreetbets/comments/et1dov/ubs_ups_price_target_of_nvda_25_intc_data_center/,8,2020-01-24 02:19:29,0.061374999999999985,NVDA INTC NVDA
https://www.reddit.com/r/wallstreetbets/comments/eswv1t/nflx_has_room_to_moonshot/,56,2020-01-23 21:07:11,0.4902595238095238,NFLX AAPL
https://www.reddit.com/r/wallstreetbets/comments/eswf4a/yelp_could_have_99_of_their_company_automated/,30,2020-01-23 20:35:58,-0.4886833333333333,
https://www.reddit.com/r/wallstreetbets/comments/esw428/mdt_biotech_yolo_if_u_wanna_play_the_lotto_tmr/,136,2020-01-23 20:13:41,0.28882650793650794,
https://www.reddit.com/r/wallstreetbets/comments/esw35r/wynn_lvs_dd/,11,2020-01-23 20:12:03,0.07504666666666666,
https://www.reddit.com/r/wallstreetbets/comments/esstmp/autist_in_asian/,6,2020-01-23 16:05:14,0.5626921568627451,AAPL TSLA
https://reut.rs/2RnwjuV,17,2020-01-23 13:01:00,-0.0708772357723577,
https://www.reddit.com/r/wallstreetbets/comments/esp5f9/fuck_this_shitty_meme_stock_spce_make_real/,144,2020-01-23 09:19:33,0.6384673825503355,SPCE DKNG REAL EDIT SPCE
https://www.reddit.com/r/wallstreetbets/comments/esozhh/nio_to_add_200_storefronts_in_2020/,16,2020-01-23 09:02:18,0.3318031746031746,NIO NIO
https://www.reddit.com/r/wallstreetbets/comments/etj48u/martin_shkreli_jailhouse_phone_call/,22,2020-01-25 03:12:05,-0.31824757281553395,COF SPY NOW
https://www.reddit.com/r/wallstreetbets/comments/etil02/ino_given_contract_for_corona_vaccine_cutting/,3,2020-01-25 02:31:33,-0.03247916666666667,
https://www.reddit.com/r/wallstreetbets/comments/ethtx0/spce_bear_tardigrade/,26,2020-01-25 01:34:56,-0.17614978354978353,MSFT FB COF SPCE
https://www.reddit.com/r/wallstreetbets/comments/etgv8j/gme_short_bubble/,19,2020-01-25 00:24:33,0.3926437037037037,GME GME GME
https://www.reddit.com/r/wallstreetbets/comments/etgl2j/buy_the_spce_dip/,28,2020-01-25 00:03:55,0.433662962962963,
https://www.reddit.com/r/wallstreetbets/comments/etflj9/kung_flu_tendies_apt/,9,2020-01-24 22:53:31,0.6022833333333334,APT
https://www.reddit.com/r/wallstreetbets/comments/etf76c/puts_on_vxx_and_vixy/,11,2020-01-24 22:25:10,-0.7873291666666667,SPY
https://www.reddit.com/r/wallstreetbets/comments/etf1w4/gold_theta_gang_rise_up_and_double_your_short_vol/,3,2020-01-24 22:14:43,-0.09683333333333333,
https://i.redd.it/5qqu8kellrc41.jpg,0,2020-01-24 20:51:57,0.0,
https://www.reddit.com/r/wallstreetbets/comments/etd0s5/more_ba_autism_this_time_with_an_exploding/,15,2020-01-24 19:54:04,0.2984222222222222,BA  BA
https://www.reddit.com/r/wallstreetbets/comments/etczk5/quick_uber_dd/,8,2020-01-24 19:51:36,0.06845698924731182,UBER LYFT COF UBER
https://www.nbcnews.com/news/world/japanese-billionaire-giving-away-9m-twitter-followers-social-experiment-n1112951,1,2020-01-24 19:15:51,0.3554333333333333,
https://www.reddit.com/r/wallstreetbets/comments/etc9ly/stay_calm_spce_to_the_moon/,70,2020-01-24 18:59:05,0.3988704575163398,
https://www.reddit.com/r/wallstreetbets/comments/etc00z/msft_dd_a_glimpse_into_the_future_buy_calls/,23,2020-01-24 18:38:44,0.026883333333333297,WORK MSFT INTC IBM
https://www.reddit.com/r/wallstreetbets/comments/etbtsn/expect_a_rebound_at_11/,43,2020-01-24 18:25:36,-0.36713552631578944,SPY
https://www.reddit.com/r/wallstreetbets/comments/etb373/the_case_for_a_strong_amd_bull_run_in_2021/,16,2020-01-24 17:26:52,0.7797627906976744,TGT NVDA INTC AMD NVDA
https://www.reddit.com/r/wallstreetbets/comments/et8ab7/how_to_profit_from_the_crononavirus_free_money/,54,2020-01-24 12:52:12,0.167134554973822,
https://www.reddit.com/r/wallstreetbets/comments/eu215v/listen_up_you_fucks_coronavirus_is_not_priced_in/,284,2020-01-26 07:21:14,-0.4445117488789238,COF
https://www.reddit.com/r/wallstreetbets/comments/eu11w4/inovio_pharmaceuticals_ino/,25,2020-01-26 05:55:44,-0.05677741935483871,
https://www.reddit.com/r/wallstreetbets/comments/eu0s12/target_financial_analysis_strengthsweaknesses/,19,2020-01-26 05:32:51,0.4659022222222222,PSEC COF TGT WMT
https://www.reddit.com/r/wallstreetbets/comments/etxafu/analyzing_the_coronavirus_r0_to_determine_when_to/,11,2020-01-26 00:55:17,-0.0538736111111111,
https://on.ft.com/2tGLUwz,4,2020-01-25 23:07:14,-0.20083333333333334,
https://www.rollingstone.com/politics/politics-features/oil-gas-fracking-radioactive-investigation-937389/amp/,0,2020-01-25 19:49:22,-0.33525,
https://www.reddit.com/r/wallstreetbets/comments/etniqm/233_million_position_in_aapl_300_calls_expiring/,85,2020-01-25 09:56:36,0.3441641134751773,AAPL TSLA
https://twitter.com/WalterDeemer/status/1221459358791405568?s=20,0,2020-01-27 05:01:31,0.0,
https://www.reddit.com/r/wallstreetbets/comments/eug8gz/lets_assume_for_a_second_that_the_cpc_is_right/,30,2020-01-27 03:58:05,-0.20155639269406392,
https://www.marketwatch.com/story/the-latest-coronavirus-stock-screamers-inovio-pharmaceuticals-co-diagnostics-2020-01-23,1,2020-01-27 00:50:51,0.08756666666666668,
https://www.reddit.com/r/wallstreetbets/comments/eucsyg/it_might_be_more_serious_than_we_think/,178,2020-01-26 23:58:08,-0.4360928757150286,COF
https://i.redd.it/wmi10kvvq6d41.jpg,0,2020-01-26 23:48:20,0.0,
https://i.redd.it/apgw7tg5g6d41.jpg,0,2020-01-26 22:48:11,0.0377,
https://www.reddit.com/r/wallstreetbets/comments/eu61ml/tsm/,19,2020-01-26 15:21:44,0.2716545454545455,COF INTC
https://www.reddit.com/r/wallstreetbets/comments/eu5v63/chinese_airline_and_coronavirus/,5,2020-01-26 15:01:03,-0.13273333333333334,
https://www.reddit.com/r/wallstreetbets/comments/eu55at/long_chinese_airlines/,14,2020-01-26 13:31:04,-0.0296604938271605,
https://www.reddit.com/r/wallstreetbets/comments/eu3yoq/why_nio_is_a_better_investment_than_tesla/,109,2020-01-26 10:54:38,0.385803492063492,NIO NIO
https://www.cbs8.com/mobile/video/news/local/morning-extra/dr-katie-broderick-from-inovio-pharmaceuticals-talks-about-coronavirus/509-5b750790-e001-422e-98a6-e4a57127a442,0,2020-01-28 06:35:17,0.0,
https://www.cbs8.com/video/news/local/morning-extra/dr-katie-broderick-from-inovio-pharmaceuticals-talks-about-coronavirus/509-5b750790-e001-422e-98a6-e4a57127a442,0,2020-01-28 06:33:13,0.0,
https://www.reddit.com/r/wallstreetbets/comments/euz7s4/consolidated_chinese_market_virus_guide/,101,2020-01-28 05:41:31,0.3603834394904459,NIO NIO BABA
https://i.redd.it/1tep84g5afd41.png,0,2020-01-28 04:32:29,0.49965,
https://twitter.com/barronsfinance/status/1221921387780157441,0,2020-01-28 03:05:08,0.0,
https://twitter.com/CDCgov/status/1221850365718679554,0,2020-01-28 03:03:24,0.0,
https://www.reddit.com/r/wallstreetbets/comments/euvg8y/healthcare_autist_hca_next_big_thing/,6,2020-01-28 01:13:07,0.5079407407407407,
https://youtu.be/TqhlWVeLjWo,0,2020-01-27 23:55:46,0.31845,
https://science.house.gov/subcommittees/space-116th-congress,1,2020-01-27 23:13:54,0.2509333333333333,
https://www.reddit.com/r/wallstreetbets/comments/eutgpx/aapl_preearnings_options_data/,25,2020-01-27 23:03:36,-0.3001868217054264,AAPL
https://i.redd.it/v1hk14f6edd41.jpg,0,2020-01-27 22:10:10,0.0,
https://www.reddit.com/r/wallstreetbets/comments/eurxqd/an_update_to_the_mild_dd_i_gave_last_week/,19,2020-01-27 21:22:21,-0.3900170212765957,COF
https://www.reddit.com/r/wallstreetbets/comments/euqmtn/some_real_dd_for_spce_xpost_from_comment_in/,36,2020-01-27 19:58:36,-0.0361445390070922,
https://www.reddit.com/r/wallstreetbets/comments/euq1ob/coronavirus_interactive_map/,36,2020-01-27 19:19:36,-0.06492204724409449,
https://www.reddit.com/r/wallstreetbets/comments/eupyst/an_open_question_to_bulls/,58,2020-01-27 19:13:51,-0.20263214814814812,
https://www.reddit.com/r/wallstreetbets/comments/eupxc8/long_on_pg/,2,2020-01-27 19:11:00,0.46415,
https://www.reddit.com/r/wallstreetbets/comments/eupmri/coronavirus_is_a_low_iq_narrative_for_the_spy/,14,2020-01-27 18:48:55,0.2274123188405797,COF SPY
https://www.reddit.com/r/wallstreetbets/comments/euplas/short_apt_actual_dd_inside/,73,2020-01-27 18:45:55,-0.3506382716049383,COF APT
https://www.reddit.com/r/wallstreetbets/comments/eupih9/potential_of_chinese_underreporting_severity_is/,4,2020-01-27 18:39:47,0.5689619047619048,
https://www.reddit.com/r/wallstreetbets/comments/eupi31/kung_flu_is_worse_than_we_though/,20,2020-01-27 18:38:52,-0.1709463333333333,
https://www.reddit.com/r/wallstreetbets/comments/eup1dn/coronavirus_is_like_the_regular_flu/,6,2020-01-27 18:03:07,-0.04828666666666664,
https://www.reddit.com/r/wallstreetbets/comments/euova2/tsla_option_data/,8,2020-01-27 17:49:47,-0.10909999999999996,EDIT
https://www.reddit.com/r/wallstreetbets/comments/euo66e/medtronic_mdt_unusual_option_activity_pre_earnings/,16,2020-01-27 16:53:19,0.3227012820512821,
https://www.reddit.com/r/wallstreetbets/comments/eujjag/long_bidu/,8,2020-01-27 08:35:17,-0.025294444444444456,
https://www.reddit.com/r/wallstreetbets/comments/eveycu/whipped_up_some_gay_bear_panic_dd_for_you_all/,59,2020-01-29 03:47:11,-0.6861240549828179,
https://www.reddit.com/r/wallstreetbets/comments/evcxk6/aapl_for_those_that_arent_up_to_date_with/,100,2020-01-29 01:32:06,0.2993874626865672,AAPL
https://www.reddit.com/r/wallstreetbets/comments/evbaus/case_for_tsla_puts/,25,2020-01-28 23:44:50,-0.3491231638418079,
https://www.reddit.com/r/wallstreetbets/comments/ev9ioz/my_top_picks_for_february_to_june/,20,2020-01-28 21:40:40,0.6805602836879432,PYPL COF SBUX AAPL PYPL
https://www.reddit.com/r/wallstreetbets/comments/ev8whp/insider_info/,19,2020-01-28 20:58:14,-0.22739047619047625,APT
https://www.reddit.com/r/wallstreetbets/comments/ev8etr/alpha_pro_tech_apt_carona_and_you/,28,2020-01-28 20:22:48,-0.3339366666666666,APT
https://www.reddit.com/r/wallstreetbets/comments/ev8d81/tesla_is_gonna_make_bank_in_china_and_its_because/,8,2020-01-28 20:19:41,0.26412857142857143,NIO COF NIO NOW BYD
https://www.reddit.com/r/wallstreetbets/comments/ev7gok/beckys_tits_will_sag_but_today_they_are_firm_pton/,16,2020-01-28 19:12:08,0.03731764705882353,
https://www.reddit.com/r/wallstreetbets/comments/ev76ui/pton_updated_short_interest_and_borrow_rates/,21,2020-01-28 18:54:04,0.4884614583333333,
https://www.reddit.com/r/wallstreetbets/comments/ev62rn/deac_and_spacs/,8,2020-01-28 17:11:43,0.4167375,DKNG TGT
https://www.reddit.com/r/wallstreetbets/comments/ev5szw/uk_has_coronavirus/,16,2020-01-28 16:46:54,-0.03526666666666667,
https://www.reddit.com/r/wallstreetbets/comments/ev5i5c/health_insurance_tendies/,10,2020-01-28 16:19:18,0.07315555555555554,COF UNH
https://i.redd.it/lnlvkoonrid41.jpg,0,2020-01-28 16:14:04,-0.27055,
https://www.reddit.com/r/wallstreetbets/comments/ev2m2a/coming_down_3_adderall_the_reconning_is_near_dd/,11,2020-01-28 10:59:26,0.3627027777777778,NFLX NFLX AMZN TSLA
https://i.redd.it/n1sejit12hd41.jpg,0,2020-01-28 10:28:44,-0.306,
https://twitter.com/yurukuyaru/status/1220611016041435137?s=21,0,2020-01-30 07:49:19,-0.49965,
https://www.reddit.com/r/wallstreetbets/comments/evwzla/long_hard_calls_on_uso_thats_what_she_said_hehe/,21,2020-01-30 04:14:14,0.3023989247311828,
https://www.reddit.com/r/wallstreetbets/comments/evvsm7/buying_shop_puts_into_earnings/,18,2020-01-30 02:52:46,-0.7392730639730641,SHOP
https://i.imgur.com/Sjxttac.jpg,1,2020-01-30 02:44:11,0.1894,
https://i.redd.it/614vgem3vrd41.jpg,0,2020-01-29 22:49:29,0.0,
https://www.reddit.com/r/wallstreetbets/comments/evro1q/apt_dd_chinese_are_buying_masks_from_china/,17,2020-01-29 22:24:12,-0.3033704761904762,APT
https://i.redd.it/lwk7oznrord41.jpg,1,2020-01-29 22:14:11,-0.3331,
https://www.reddit.com/r/wallstreetbets/comments/evqhho/facebook_insider_dd_from_someone_who_works_in/,94,2020-01-29 21:03:17,-0.029860732323232324,
https://www.reddit.com/r/wallstreetbets/comments/evqfnb/freight_dd/,2,2020-01-29 20:59:55,-0.002400000000000007,
https://www.reddit.com/r/wallstreetbets/comments/evoe9y/pton_updated_short_interest_and_earnings/,37,2020-01-29 18:33:40,0.4083006172839507,REAL PTON JPM
https://twitter.com/stoolpresidente/status/1222490825696972807?s=09,0,2020-01-29 18:01:02,0.2695,
https://i.redd.it/7cf8j85mqnd41.jpg,0,2020-01-29 08:57:08,0.2202,
https://www.reddit.com/r/wallstreetbets/comments/ewhv4z/listen_up_you_autists/,26,2020-01-31 06:14:59,-0.06070745614035088,SPY TSLA
https://www.reddit.com/r/wallstreetbets/comments/ewhgxl/us_issues_do_not_travel_advisory_to_china/,49,2020-01-31 05:46:13,-0.4180504504504505,COF
https://www.reddit.com/r/wallstreetbets/comments/ewfz26/flws_gather_around_the_giving_tree/,7,2020-01-31 04:00:25,0.19471025641025644,
https://www.reddit.com/r/wallstreetbets/comments/ewfwgp/flwr_gather_around_the_giving_tree/,1,2020-01-31 03:55:33,0.2763333333333333,
https://www.reddit.com/r/wallstreetbets/comments/ewddnz/why_asian_markets_rallied_after_who_announcement/,60,2020-01-31 01:14:13,-0.3197149122807017,FET
https://www.reddit.com/r/wallstreetbets/comments/ewcf60/first_us_wuhan_virus_death_prediction/,50,2020-01-31 00:14:14,0.2410432357043236,COF SPY
https://www.reddit.com/r/wallstreetbets/comments/ewb620/short_the_chinese_market/,144,2020-01-30 22:53:55,-0.4513813813813814,NIO NIO
https://www.youtube.com/watch?v=JCaa0Xp60Po,0,2020-01-30 22:27:21,0.0,
https://www.reddit.com/r/wallstreetbets/comments/ew9goy/consider_joyy_inc_yy_because_everyone_in_china_is/,11,2020-01-30 21:00:31,-0.18574666666666664,
https://www.reddit.com/r/wallstreetbets/comments/ew97u1/cdc_confirms_first_human_to_human_transmission_in/,51,2020-01-30 20:45:13,0.13038404761904762,
https://www.hollywoodreporter.com/behind-screen/studios-up-kodak-deals-keep-celluloid-film-alive-1274709,0,2020-01-30 13:41:38,0.0,
https://i.redd.it/vak8af2jjvd41.jpg,0,2020-01-30 11:11:39,-0.11315,
https://www.reddit.com/r/wallstreetbets/comments/ew1jkt/volatility_buildup_in_chinese_market/,31,2020-01-30 10:11:28,0.3168162162162162,COF
https://www.reddit.com/r/wallstreetbets/comments/ew0ybe/free_money_opportunity/,180,2020-01-30 09:16:19,0.5986138095238095,EDIT
https://www.reddit.com/r/wallstreetbets/comments/ex14dk/aimt_is_looking_really_good_but_please_be_fucking/,43,2020-02-01 07:57:32,0.7282370927318295,SNAP
https://www.reddit.com/r/wallstreetbets/comments/ex0znk/dd_apple_shutting_down_all_stores_in_china_until/,91,2020-02-01 07:45:40,-0.08008340248962656,
https://youtu.be/789CORXvvRA?t=57m00s,1,2020-02-01 07:35:14,0.0,
https://www.reddit.com/r/wallstreetbets/comments/ewxv45/coronavirus_growth_rate_may_be_slowing_death_rate/,67,2020-02-01 03:29:33,-0.04772470862470863,ET PM
https://www.reddit.com/r/wallstreetbets/comments/eww44q/fda_approves_aimts_palforzia_peanut_allergy/,91,2020-02-01 01:24:28,0.5201965465465466,
http://www.businesswire.com/news/home/20200131005593/en/FDA-Approves-Aimmune%E2%80%99s-PALFORZIA%E2%84%A2-Treatment-Peanut-Allergy,0,2020-02-01 01:20:15,0.20095,
https://www.businesswire.com/news/home/20200131005593/en/FDA-Approves-Aimmune%E2%80%99s-PALFORZIA%E2%84%A2-Treatment-Peanut-Allergy,0,2020-02-01 01:17:57,0.20095,
https://www.reddit.com/r/wallstreetbets/comments/ewv45p/remember_markets_like_good_news_dont_mind_bad/,7,2020-02-01 00:16:03,-0.5279901960784313,
https://www.reddit.com/r/wallstreetbets/comments/ewu9jl/quick_play_apple_and_roku/,16,2020-01-31 23:19:32,0.0013044444444444414,ROKU AAPL
https://www.reddit.com/r/wallstreetbets/comments/ewrzt4/why_the_coronavirus_is_a_lot_worse_than_reported/,30,2020-01-31 20:45:27,-0.5878476793248945,SPY
https://www.reddit.com/r/wallstreetbets/comments/ewri2f/dont_buy_spy_puts_do_this_fxi/,85,2020-01-31 20:11:31,-0.4508768786127168,SPY
https://www.reddit.com/r/wallstreetbets/comments/ewqy1v/bullish_er_for_google_on_monday/,10,2020-01-31 19:33:12,0.2413444444444445,GOOG D
https://www.reddit.com/r/wallstreetbets/comments/ewn1sd/generally_erect/,4,2020-01-31 14:21:43,-0.12403333333333333,
https://www.reddit.com/r/wallstreetbets/comments/ewmmvz/bank_of_america_on_tesla/,37,2020-01-31 13:39:25,0.3559056689342404,TSLA
https://www.reddit.com/r/wallstreetbets/comments/ewk7sn/coronavirus_cases_could_be_70_times_more_pevelent/,59,2020-01-31 09:32:39,-0.5215951566951567,
https://www.reddit.com/r/wallstreetbets/comments/ewjvo1/tsla_amzn_what_other_stock_can_take_us_to_the/,47,2020-01-31 09:00:33,0.853600966183575,NFLX
https://www.reddit.com/r/wallstreetbets/comments/exdmgo/wwe_dropped_20_on_friday_and_still_has_a_ways_to/,51,2020-02-02 01:18:57,-0.412664430894309,COF WWE
https://www.reddit.com/r/wallstreetbets/comments/ex87uw/monthly_evening_star_on_spy_jan_2020_bad_omen/,37,2020-02-01 19:06:33,-0.637951282051282,SPY
https://i.redd.it/sqpftip1dae41.jpg,0,2020-02-01 13:02:02,0.0,
https://i.redd.it/vixdk0blt9e41.jpg,0,2020-02-01 11:12:59,-0.49815,
https://www.reddit.com/r/wallstreetbets/comments/exzqpp/coronavirus_growth_estimates_22/,14,2020-02-03 05:21:30,0.4541748299319728,
https://i.redd.it/voc25i0xame41.png,0,2020-02-03 05:15:47,0.0,
https://www.reddit.com/r/wallstreetbets/comments/exz3kj/zealand_pharma_zeal_flying_under_everyones_radar/,31,2020-02-03 04:32:29,0.24623650793650795,TGT D
https://www.reddit.com/r/wallstreetbets/comments/exx4ha/short_vixy_instead_of_buying_the_dip/,9,2020-02-03 02:06:45,-0.7452151515151515,
https://www.reddit.com/r/wallstreetbets/comments/exwfjf/hubei_province_2103_new_cases_and_56_new_deaths/,0,2020-02-03 01:22:14,0.0,
https://www.reddit.com/r/wallstreetbets/comments/exv40u/summary_of_cramers_weekend_show_what_to_inverse/,4,2020-02-02 23:59:57,-0.13753333333333334,
https://www.reddit.com/r/wallstreetbets/comments/exuph6/kung_flu_stats_tracker_officially_more_cured_than/,8,2020-02-02 23:33:54,-0.6925959349593495,
https://www.reddit.com/r/wallstreetbets/comments/exubpl/game_plan_for_mondays_chinese_market/,174,2020-02-02 23:10:36,-0.5144053949903661,NIO COF NIO BABA
https://www.reddit.com/r/wallstreetbets/comments/exualg/wuhan_crematorian_has_cremated_so_many_bodies_it/,201,2020-02-02 23:08:45,0.20691523536895676,
https://www.reddit.com/r/wallstreetbets/comments/exty68/beervirus_is_much_worse_than_the_media_reports/,21,2020-02-02 22:47:54,-0.5128099415204678,
https://mobile.twitter.com/jenniferatntd/status/1224007935992508416?s=19&utm_source=share&utm_medium=ios_app&utm_name=iossmf,0,2020-02-02 21:57:20,-0.3982,
https://www.reddit.com/r/wallstreetbets/comments/expgzk/be_a_stacy_and_buy_chad_direxion_daily_china_bear/,5,2020-02-02 17:53:09,0.24957142857142856,
https://www.reddit.com/r/wallstreetbets/comments/eygs7l/the_next_nokia_of_autodd_inside/,17,2020-02-04 03:05:23,-0.5525649122807018,CAR TSLA
https://www.reddit.com/r/wallstreetbets/comments/eygito/dd_for_apt/,3,2020-02-04 02:47:49,0.163,
https://i.redd.it/wwwlr1uufse41.jpg,0,2020-02-04 01:49:51,0.0,
https://www.reddit.com/r/wallstreetbets/comments/eydvdd/zoom_dd/,10,2020-02-04 00:01:21,0.2431074074074074,ZM
https://www.reddit.com/r/wallstreetbets/comments/eydj01/antero_resources_ar_case_for_positive/,6,2020-02-03 23:40:06,0.29492222222222225,
https://www.reddit.com/r/wallstreetbets/comments/eybvfm/nav_puts/,4,2020-02-03 21:58:22,-0.6219416666666666,COF
https://www.reddit.com/r/wallstreetbets/comments/eyay72/psa_for_chinese_short_sellers/,24,2020-02-03 20:58:09,-0.44864166666666666,
https://www.reddit.com/r/wallstreetbets/comments/eya7mj/china_class_a_stocks_are_only_traded_overnight/,37,2020-02-03 20:09:16,0.4397884057971015,SE
https://i.redd.it/7omarr1chqe41.jpg,0,2020-02-03 19:14:35,0.0,
https://www.reddit.com/r/wallstreetbets/comments/ey8qpa/gilead_the_best_a_wuhan_flu_patient_can_get/,4,2020-02-03 18:29:50,0.6156933333333333,GILD  GILD TSLA
https://www.reddit.com/r/wallstreetbets/comments/ey87w2/attention_autists_shorting_fxi_you_are_doing_it/,16,2020-02-03 17:52:04,-0.7222205128205128,COF TSLA
https://www.reddit.com/r/wallstreetbets/comments/ey87kk/zoom_zm_dd_inside/,21,2020-02-03 17:51:18,-0.34619047619047616,
https://www.reddit.com/r/wallstreetbets/comments/ey4rg2/the_great_crash_of_2020_is_over/,13,2020-02-03 12:44:29,0.5734985507246376,
https://www.reddit.com/r/wallstreetbets/comments/ey2u4e/how_invest_in_virus/,1,2020-02-03 09:33:19,0.163,
https://www.reddit.com/r/wallstreetbets/comments/ey2tuo/the_case_for_mu_super_bowl_edition/,3,2020-02-03 09:32:40,0.2514047619047619,
https://www.reddit.com/r/wallstreetbets/comments/ey2s4i/making_sense_of_the_shanghai_market_opening/,45,2020-02-03 09:28:22,-0.4624444444444445,
https://www.reddit.com/r/wallstreetbets/comments/ez1yv8/qualcomm_dd_earnings_play/,17,2020-02-05 05:25:01,0.5587793650793651,QCOM AAPL FB
https://www.reddit.com/r/wallstreetbets/comments/eywtfz/quality_dd_acb/,20,2020-02-04 23:50:28,0.189810752688172,TGT ACB
https://www.reddit.com/r/wallstreetbets/comments/eywnnv/imagine_how_many_dis_subscribers_were_added_this/,22,2020-02-04 23:39:50,0.07672107843137252,COF YOLO DIS
https://www.reddit.com/r/wallstreetbets/comments/eyvzd1/tslaas_if_this_sub_hasnt_heard_enough_about_it/,4,2020-02-04 22:57:53,0.051862318840579714,COF
https://www.reddit.com/r/wallstreetbets/comments/eyveci/calls_on_china/,9,2020-02-04 22:22:26,0.2740666666666666,
https://www.reddit.com/r/wallstreetbets/comments/eyto52/nvidia_just_released_their_cloud_gaming/,40,2020-02-04 20:36:27,0.3930492063492064,
https://www.reddit.com/r/wallstreetbets/comments/eyt4zy/the_real_reason_why_tsla_is_being_driven_up/,84,2020-02-04 20:03:24,0.4798291583830352,TSLA  TSLA
https://i.redd.it/af5kb20dnxe41.png,0,2020-02-04 19:22:24,0.0,
https://www.reddit.com/r/wallstreetbets/comments/eymh2v/intel_and_the_fall_of_an_industry_titan_an_look/,37,2020-02-04 10:27:13,0.3027088235294118,INTC COF AMD
https://www.reddit.com/r/wallstreetbets/comments/eyky13/2019ncov_mortality_rate_can_be_much_less_than_1/,5,2020-02-04 08:13:21,-0.09202093023255813,
https://www.reddit.com/r/wallstreetbets/comments/ezmjdf/virgin_galactic_for_crazy_tendies/,64,2020-02-06 07:07:17,0.6639024608501121,LADR D TSLA
https://www.reddit.com/r/wallstreetbets/comments/ezm69y/insider_information/,1,2020-02-06 06:38:42,0.163,
https://i.redd.it/nhhvmi1rc7f41.jpg,0,2020-02-06 03:59:10,0.4984,
https://www.reddit.com/r/wallstreetbets/comments/ezjh17/pton_slipped_a_finger_and_a_roofie_in_the/,25,2020-02-06 03:20:28,-0.4431005376344087,
https://www.reddit.com/r/wallstreetbets/comments/ezicfn/uber_er_dd/,61,2020-02-06 02:05:35,0.33734631578947377,UBER LYFT UBER
https://www.reddit.com/r/wallstreetbets/comments/ezhql0/incoming_nvda_x_goog_partnership_in_cloud_gaming/,21,2020-02-06 01:25:59,-0.20955,NVDA NVDA
https://www.youtube.com/watch?v=PLxPAwIeL0w,0,2020-02-05 23:39:41,-0.20095,
https://www.reddit.com/r/wallstreetbets/comments/ezfu6p/buy_gld_hide_under_a_rock/,11,2020-02-05 23:28:54,0.5531351351351351,
https://www.reddit.com/r/wallstreetbets/comments/ezdczp/now_is_a_good_time_to_invest_in_ttwo/,98,2020-02-05 20:51:17,0.5168479166666667,COF EDIT TTWO
https://www.reddit.com/r/wallstreetbets/comments/ezbsr6/pton_subscriber_numbers/,42,2020-02-05 19:10:08,0.4322070422535211,FB PTON
https://v.redd.it/sx3i5vfvi4f41,0,2020-02-05 18:31:01,0.0,
https://www.reddit.com/r/wallstreetbets/comments/f04qv0/one_to_watch_intelsat/,52,2020-02-07 06:47:35,0.2709625,
https://www.reddit.com/r/wallstreetbets/comments/f03l5d/buy_27_335c_spy_its_essentially_like_buying_a/,27,2020-02-07 05:18:27,0.206469696969697,
https://www.reddit.com/r/wallstreetbets/comments/f03k68/buy_27_335c_spy_essentially_like_buying_a/,1,2020-02-07 05:16:22,0.4953666666666667,
https://www.reddit.com/r/wallstreetbets/comments/f03gkm/tsla_to_1000_confirmed/,53,2020-02-07 05:08:45,0.41210678087080654,NDAQ
https://www.reddit.com/r/wallstreetbets/comments/f01zxl/msft_tendies/,24,2020-02-07 03:20:20,0.5333327272727273,
https://www.reddit.com/r/wallstreetbets/comments/f01xvr/virus_gold/,28,2020-02-07 03:16:10,0.4488088888888889,
https://www.reddit.com/r/wallstreetbets/comments/f01tna/forecasts_predicts_spce_blasting_off_at_the_speed/,76,2020-02-07 03:07:08,-0.11399543378995435,
https://www.reuters.com/video/watch/idRCV007SY2,0,2020-02-07 02:50:27,0.49965,
https://www.reddit.com/r/wallstreetbets/comments/f012na/sprint_merger_for_you_autists/,57,2020-02-07 02:15:10,0.29887549019607845,
https://www.reddit.com/r/wallstreetbets/comments/ezzljn/bought_gm_calls_for_their_self_driving_tech/,52,2020-02-07 00:37:50,-0.222262447257384,
https://i.redd.it/bbgoaele1df41.jpg,0,2020-02-06 23:06:16,0.17,
https://www.reddit.com/r/wallstreetbets/comments/ezv4n9/nokia_late_night_dd/,31,2020-02-06 19:54:16,-0.16223333333333334,
https://www.reddit.com/r/wallstreetbets/comments/ezukoh/smoking_linked_to_aec2_enzyme_used_by_nconv/,17,2020-02-06 19:16:01,0.35800546448087434,
https://www.reddit.com/r/wallstreetbets/comments/ezuepd/buy_hasbro_today/,98,2020-02-06 19:04:38,0.6289368355222014,NFLX COF M
https://www.reddit.com/r/wallstreetbets/comments/eztjql/pton_fiscal_2q20_earnings_call_summary/,19,2020-02-06 18:02:44,0.44555877192982457,
https://i.redd.it/lwcvylztt8f41.png,0,2020-02-06 08:57:35,0.0,
https://www.reddit.com/r/wallstreetbets/comments/f0iz4z/spce_full_dd_to_neptune/,64,2020-02-08 02:30:55,0.07784547008547009,
https://www.reddit.com/r/wallstreetbets/comments/f0ilz0/short_grub/,8,2020-02-08 02:04:15,-0.2409037037037037,
https://www.reddit.com/r/wallstreetbets/comments/f0if3s/apt_and_the_coronavirus/,14,2020-02-08 01:50:32,0.19972403100775196,APT
https://www.reddit.com/r/wallstreetbets/comments/f0iakn/where_my_pandas_at/,37,2020-02-08 01:41:22,-0.4867990196078431,SQ
https://www.reddit.com/r/wallstreetbets/comments/f0ho2x/shop_dd/,31,2020-02-08 00:58:13,-0.11943086419753085,
https://i.redd.it/kkn49ys0ikf41.jpg,0,2020-02-08 00:11:54,0.0,
https://www.reddit.com/r/wallstreetbets/comments/f0g029/canopy_growth_corporation_dumpster/,58,2020-02-07 23:05:19,0.1808284722222222,
https://www.reddit.com/r/wallstreetbets/comments/f0fhg8/china_dd/,102,2020-02-07 22:29:48,-0.19323422733077908,
https://i.redd.it/oas9vkubljf41.png,0,2020-02-07 21:12:47,0.0,
https://www.reddit.com/r/wallstreetbets/comments/f0b6eg/prpl_ceo_drops_hints_on_2020_guidance_ahead_of_er/,87,2020-02-07 17:26:37,0.04447142857142858,
https://i.redd.it/wh2pheqbsqf41.png,0,2020-02-08 21:20:51,0.0,
https://www.investors.com/research/microsoft-stock-buy-now/,1,2020-02-08 21:02:42,0.1405,
https://www.reddit.com/r/wallstreetbets/comments/f0u712/lyft_puts/,14,2020-02-08 19:56:17,-0.07799833333333332,
https://www.reddit.com/r/wallstreetbets/comments/f0tnid/cruise_lines_are_the_new_offshore_drillers/,62,2020-02-08 19:16:11,-0.2645624269005848,CCL CCL
https://www.reddit.com/r/wallstreetbets/comments/f0ohbu/uber_bynd_mcd_holy_trinity_dd/,25,2020-02-08 10:40:21,0.08479741379310345,
https://www.cnbc.com/2020/02/08/how-netflix-plans-to-use-animation-to-challenge-disney-plus.html,1,2020-02-10 06:33:06,0.163,
https://boingboing.net/2020/02/07/man-buys-used-tesla-with-autop.html,0,2020-02-10 02:14:44,0.1909,
https://i.redd.it/kkrqzuftazf41.png,0,2020-02-10 01:58:12,0.21075,
https://www.reddit.com/r/wallstreetbets/comments/f1gfft/three_discounted_cash_flow_models_for_mo/,1,2020-02-10 01:35:10,0.1802,
https://www.thegatewaypundit.com/2020/02/breaking-washington-doctors-successfully-treat-coronavirus-patient-with-experimental-anti-viral-medication-significantly-improved-in-hours-video/,0,2020-02-09 22:57:27,0.29295,
https://techknowbits.com/2020/02/08/extremely-negative-media-coverage-extremely-likely-to-affect-gamestop-nysegme-stock-price-updated-updated-updated.html,0,2020-02-09 17:59:04,0.125,
https://www.reddit.com/r/wallstreetbets/comments/f199sp/yumc_9200_locations_closed/,12,2020-02-09 17:24:43,-0.2067233333333333,STOR EDIT
https://www.reddit.com/r/wallstreetbets/comments/f18oud/spce_is_going_parabolic_very_soon_and_this_week/,343,2020-02-09 16:34:52,0.5899770768431983,TGT COF SPCE
https://www.reddit.com/r/wallstreetbets/comments/f15x8x/you_guys_are_retards/,14,2020-02-09 11:25:16,-0.10747391304347828,
https://www.reddit.com/r/wallstreetbets/comments/f15iz3/espr_esperion_pharma_play_for_feb_21st/,42,2020-02-09 10:40:16,0.6166666666666667,
http://www.quiverquant.com/blog/,0,2020-02-09 08:39:55,0.0,
https://www.reddit.com/r/wallstreetbets/comments/f22a1a/xerox_potential_hp_buy_out/,19,2020-02-11 06:23:00,0.43894,HPQ
https://www.reddit.com/r/wallstreetbets/comments/f224s4/how_to_go_half_autist/,1,2020-02-11 06:12:15,0.4953333333333334,
https://www.reddit.com/r/wallstreetbets/comments/f21u76/the_massive_potential_of_virgin_galactic_spce/,143,2020-02-11 05:49:48,0.3979969945355191,SPCE TGT COF EDIT SPCE D
https://www.reddit.com/r/wallstreetbets/comments/eyw2ff/blnk_is_up_20_today_electric_car_charging_station/?utm_medium=android_app&utm_source=share,0,2020-02-11 03:58:14,0.0,
https://www.reddit.com/r/wallstreetbets/comments/f1zjae/bull_case_for_chegg_post_earnings_dd/,15,2020-02-11 02:59:56,0.6468898305084746,CHGG
https://www.reddit.com/r/wallstreetbets/comments/f1yyue/yolo_on_this_tomorrow_21120/,143,2020-02-11 02:19:35,0.470359133126935,YOLO AMD
https://www.reddit.com/r/wallstreetbets/comments/f1xgdc/actual_free_tendies_with_xbit/,71,2020-02-11 00:40:44,0.7081961309523811,
https://www.reddit.com/r/wallstreetbets/comments/f1wjjl/chgg_dd_risk_free/,51,2020-02-10 23:41:58,0.3933648018648019,FDX COF PLAY CHGG
https://www.reddit.com/r/wallstreetbets/comments/f1tb7u/told_ya_about_mynaric/,3,2020-02-10 20:08:57,-0.1270888888888889,
https://www.forbes.com/sites/kramermichael/2020/02/09/microsofts-massive-stock-gains-may-be-far-from-over/,0,2020-02-10 15:07:50,0.17,
https://i.redd.it/krgw3towcfg41.png,0,2020-02-12 07:58:26,0.4567,
https://www.reddit.com/r/wallstreetbets/comments/f2lfxi/all_in_glog_print_tendies/,26,2020-02-12 07:23:43,0.6413448275862069,
https://www.reddit.com/r/wallstreetbets/comments/f2l9ce/spce_and_ibm_rumors/,13,2020-02-12 07:09:21,0.20096315789473684,
https://i.redd.it/5gsf9nu34fg41.jpg,0,2020-02-12 07:09:06,0.4985,
https://i.redd.it/tpnwq8eq7dg41.png,0,2020-02-12 00:46:58,-0.3404,
https://i.redd.it/egcd7vpj6dg41.jpg,0,2020-02-12 00:39:13,0.0,
https://www.reddit.com/r/wallstreetbets/comments/f2e95u/dd_for_nutrien_get_in_on_this_for_some_easy/,80,2020-02-11 23:17:56,0.4735083969465648,ET EDIT
https://www.reddit.com/r/wallstreetbets/comments/f2dzly/the_msft_post/,114,2020-02-11 23:00:54,0.308541882951654,MSFT AAPL FB COF MSFT FB
https://www.reddit.com/r/wallstreetbets/comments/f2dia4/roku_beats/,55,2020-02-11 22:29:49,0.12876052631578944,ROKU AAPL COF ROKU
https://i.redd.it/31rliczs8cg41.jpg,0,2020-02-11 21:30:08,-0.31145,
https://i.redd.it/npxz9jn9vbg41.jpg,0,2020-02-11 20:14:13,0.0,
https://www.reddit.com/r/wallstreetbets/comments/f2bdwd/amd_long_to_mars_dd/,84,2020-02-11 20:11:41,0.6171363735070575,AAPL INTC COF X YOLO AMD BE
https://i.redd.it/e1dwbtyytbg41.png,0,2020-02-11 20:07:46,0.0,
https://www.reddit.com/r/wallstreetbets/comments/f2b23f/bond_market_telling_a_different_story_armageddon/,34,2020-02-11 19:50:15,-0.38451350210970464,SPY
https://youtu.be/XGtMMYWhdUU,0,2020-02-11 19:24:29,0.0,
https://www.reddit.com/r/wallstreetbets/comments/f30vez/msft_holdersautists_tomorrows_a_big_day_judge/,346,2020-02-13 03:07:41,0.3774847112117781,MSFT COF MSFT
https://www.reddit.com/r/wallstreetbets/comments/f30kxi/msft_going_bigly_tomorrow/,84,2020-02-13 02:47:19,0.1791933774834437,
https://www.reddit.com/r/wallstreetbets/comments/f2yubh/msft_a_story_of_3_bulls_and_a_fuckedup_bear/,21,2020-02-13 00:53:08,-0.2682799614643545,COF
https://www.reddit.com/r/wallstreetbets/comments/f2yg7m/msft_wars_a_new_rope_the_us_gov_strikes_back/,36,2020-02-13 00:28:00,0.05575505050505053,MSFT COF X MSFT T
https://www.reddit.com/r/wallstreetbets/comments/f2y4d4/apple_calls/,11,2020-02-13 00:07:16,-0.022326666666666672,
https://www.reddit.com/r/wallstreetbets/comments/f2vha8/cvs_is_a_strong_long_termshort_term_stock/,40,2020-02-12 21:18:07,0.3442615541922291,
https://www.reddit.com/r/wallstreetbets/comments/f2t8mg/goodyear_the_coronavirus_dd/,10,2020-02-12 18:54:52,-0.2080047619047619,GT  GT SE
https://i.redd.it/4nfztjilgtg41.jpg,0,2020-02-14 07:24:03,0.49965,
https://i.redd.it/owleswujgtg41.jpg,1,2020-02-14 07:23:48,0.3331,
https://www.reddit.com/r/wallstreetbets/comments/f3lrm4/msft_what_to_expect_moving_forward/,142,2020-02-14 05:59:35,0.24422634408602156,MSFT NDAQ SPY MSFT
https://www.reddit.com/r/wallstreetbets/comments/f3l9po/how_much_is_spce_actually_worth/,57,2020-02-14 05:20:16,-0.2683051708217913,TGT COF CCL BA NCLH RCL SPCE
https://i.redd.it/vtik354dnsg41.jpg,1,2020-02-14 04:40:13,0.3333,
https://youtu.be/kexuG-YcQFA,0,2020-02-14 03:21:34,0.2553,
https://www.reddit.com/r/wallstreetbets/comments/f3jcb8/spce_virgin_galactic_flies_to_spaceport_to_begin/,105,2020-02-14 02:53:24,0.2889318306010929,MIST TWTR REAL
https://www.virgingalactic.com/articles/virgin-galactic-welcomes-spaceshiptwo-unity-to-spaceport-america-new-mexico/,0,2020-02-14 02:48:44,0.20095,
https://www.reddit.com/r/wallstreetbets/comments/f3ionn/tgt_calls/,10,2020-02-14 02:05:56,0.17956000000000005,
https://i.redd.it/fbfa5h1buqg41.jpg,0,2020-02-13 22:35:35,0.2553,
https://twitter.com/jserbuwfed/status/1228033126233968642?s=21,0,2020-02-13 22:13:21,0.11315,
https://www.reddit.com/r/wallstreetbets/comments/f3cxie/buy_mik_because_its_the_most_polished_turd_in_the/,28,2020-02-13 19:58:17,0.4180467836257309,
https://www.reddit.com/r/wallstreetbets/comments/f3bu4s/praise_mommy_dom_gf_lisa/,17,2020-02-13 18:45:09,0.5438885245901639,TWTR MSFT INTC COF W AMD HPE MSFT IBM
https://www.nasdaq.com/articles/tesla-seeks-to-raise-%242-bln-through-stock-offering-2020-02-13,0,2020-02-13 17:54:22,0.0,
https://www.reddit.com/r/wallstreetbets/comments/f35j2t/f_stands_for_fucked/,39,2020-02-13 09:07:10,0.1010664,F
https://www.reddit.com/r/wallstreetbets/comments/f432pu/why_isnt_spce_going_down_aka_why_get_out_of_spce/,80,2020-02-15 05:29:54,-0.4734402610441768,SPCE
https://www.reddit.com/r/wallstreetbets/comments/f41e61/terp_bep_the_renewable_energetic_gift_that_keeps/,29,2020-02-15 03:13:19,0.566463768115942,
https://www.reddit.com/r/wallstreetbets/comments/f40y4g/nok_dragon_dicks/,79,2020-02-15 02:38:26,0.07526315789473682,
https://i.redd.it/z777308b0zg41.jpg,0,2020-02-15 02:04:00,0.0,
https://i.redd.it/4mt19jfsyyg41.jpg,0,2020-02-15 01:58:39,0.0,
https://www.reddit.com/r/wallstreetbets/comments/f40497/massive_due_diligence_on_the_future_public/,14,2020-02-15 01:37:49,0.5877822222222222,STOR SQ COF
https://www.reddit.com/r/wallstreetbets/comments/f3zw1p/time_to_cuck_the_bears_squeeze_dem_nuts/,7,2020-02-15 01:22:08,0.24683589743589746,
https://www.reddit.com/r/wallstreetbets/comments/f3yfbx/buy_case_for_hon_or_how_president_cheetos_is/,61,2020-02-14 23:41:43,0.7923201851851851,HON TWTR HON TGT HON NOW AM BE
https://www.barstoolsports.com/blog/1873849/bear-market-incoming-banker-leaves-job-to-become-sex-worker,0,2020-02-14 20:27:47,-0.49965,
https://www.reddit.com/r/wallstreetbets/comments/f3up87/puts_on_xbit/,19,2020-02-14 19:35:56,-0.011342076502732213,
https://i.redd.it/8mt93eyl2xg41.jpg,0,2020-02-14 19:32:47,0.25115,
https://www.reddit.com/r/wallstreetbets/comments/f4j3cc/the_next_great_meme_stock_dxcm_get_your_sugar/,167,2020-02-16 04:11:05,0.1272820098039216,
https://www.reddit.com/r/wallstreetbets/comments/f4igcb/terraform_powerhouse/,85,2020-02-16 03:22:49,0.1683355179704017,COF
https://www.reddit.com/r/wallstreetbets/comments/f4gtaq/nok_ready_for_the_push_or_ready_to_lose/,41,2020-02-16 01:21:30,0.5536127516778524,TGT COF TSLA C NOK SPCE MSFT
https://www.reddit.com/r/wallstreetbets/comments/f4ggus/psa_for_those_missed_out_on_spce/,218,2020-02-16 00:57:09,0.3706814962593516,YOLO MSFT
https://decrypt.co/19569/defi-protocol-bzx-says-it-lost-funds-via-a-margin-lending-exploit?amp=1,1,2020-02-16 00:26:11,0.39476666666666665,
https://i.redd.it/6a1vb6gfieh41.png,0,2020-02-17 06:11:57,0.0,
https://www.reddit.com/r/wallstreetbets/comments/f505xg/fit_320_6_puts/,3,2020-02-17 03:36:13,-0.3922466666666667,
https://www.reddit.com/r/wallstreetbets/comments/f4vbcj/dxcm_is_about_to_to_the/,32,2020-02-16 22:06:11,0.2980497942386831,
https://www.reddit.com/r/wallstreetbets/comments/f4riir/spce_feb_events_timeline/,74,2020-02-16 17:43:41,0.5872050228310502,SPCE
https://www.reddit.com/r/wallstreetbets/comments/f4pvjq/long_agio/,20,2020-02-16 15:09:50,0.3662301587301587,TGT
https://www.reddit.com/r/wallstreetbets/comments/f5jzwx/thinking_gme_calls_hear_me_out/,88,2020-02-18 04:57:42,0.4388025641025641,MSFT GME COF
https://www.reddit.com/r/wallstreetbets/comments/f5egjw/dd_amd_is_going_up_this_week/,261,2020-02-17 22:51:36,0.4579477061276869,TGT NVDA INTC X AMD
https://www.reddit.com/r/wallstreetbets/comments/f5dlhe/chegg_monthlies/,45,2020-02-17 21:57:23,0.3577192129629629,
https://i.imgur.com/wNP0khh.jpg,0,2020-02-17 21:30:21,0.49965,
https://www.reddit.com/r/wallstreetbets/comments/f5buu1/tsn_anyone_buying_calls_tuesday_morning_for_tyson/,22,2020-02-17 20:08:44,-0.4428392592592593,
https://i.redd.it/b9na22l4yhh41.jpg,0,2020-02-17 17:45:04,0.0,
https://fortune.com/2020/02/17/bayer-basf-dicamba-lawsuit-monsanto/,0,2020-02-17 15:51:57,0.0,
https://i.redd.it/hhdj4yxtegh41.jpg,0,2020-02-17 12:35:09,0.49965,
https://i.redd.it/cjwm6vb0efh41.jpg,0,2020-02-17 09:08:44,0.4996,
https://www.reddit.com/r/wallstreetbets/comments/f62ru8/dd_predicting_a_stock_leap/,40,2020-02-19 04:25:49,0.44972019363762106,ACB TSLA MSFT BYND AMD SPCE NFLX DKNG COF DFS TSLA NFLX BYND AMD SPCE MSFT
https://www.reddit.com/r/wallstreetbets/comments/f6256e/hsbc_puts/,11,2020-02-19 03:42:15,-0.5865848484848485,
https://www.reddit.com/r/wallstreetbets/comments/f613p5/why_chk_is_a_god_buy/,5,2020-02-19 02:32:06,0.5192833333333333,
https://www.reddit.com/r/wallstreetbets/comments/f5z4mu/henry_schein_hsic_dd/,13,2020-02-19 00:28:18,0.2743569444444445,
https://www.reddit.com/r/wallstreetbets/comments/f5y5a5/cake_earnings_tomorrow/,33,2020-02-18 23:27:19,0.2886783171521036,
https://www.reddit.com/r/wallstreetbets/comments/f5xrmo/sq/,33,2020-02-18 23:03:10,-0.023630158730158727,
https://www.reddit.com/r/wallstreetbets/comments/f5x176/tgi_fridays_going_public_via_algr_merger_theres/,48,2020-02-18 22:16:52,0.2891981859410431,SPCE
https://www.reddit.com/r/wallstreetbets/comments/f5wity/coronavirus_counter_going_to_the_moon/,8,2020-02-18 21:44:51,0.5836820987654321,NDAQ SAN
https://www.reddit.com/r/wallstreetbets/comments/f5w6rw/dish_network_2192020_bmo_bearish/,9,2020-02-18 21:23:27,0.11976190476190478,TGT TMUS
https://www.reddit.com/r/wallstreetbets/comments/f5vc8k/amazon_is_going_to_launch_in_scandanavia_and/,59,2020-02-18 20:29:41,0.12541887905604718,AMZN
https://www.reddit.com/r/wallstreetbets/comments/f5tng4/bynd_are_getting_sued_march_puts_boys/,26,2020-02-18 18:42:53,-0.6378898089171975,COF BYND
https://www.reddit.com/r/wallstreetbets/comments/f5t7lb/xcel_energy/,57,2020-02-18 18:13:10,0.322992673992674,COF
https://www.reddit.com/r/wallstreetbets/comments/f5seog/sars_vs_coronavirus_why_its_different_this_time/,836,2020-02-18 17:15:15,-0.21956874792794787,AAPL NVDA INTC COF AMD
https://www.reddit.com/r/wallstreetbets/comments/f5rnxr/bynd_testing_in_starbucks_canada/,13,2020-02-18 16:18:19,0.17924962962962962,TWTR BYND
https://www.reddit.com/r/wallstreetbets/comments/f5qyao/make_work_work_for_you/,34,2020-02-18 15:20:05,0.3922439121756487,WORK WORK SPCE MSFT IBM WORK
https://www.reddit.com/r/wallstreetbets/comments/f6njq8/fed_repo_operations_first_draft/,38,2020-02-20 07:25:23,0.3619218487394957,SPY
https://v.redd.it/hkgqnxyl70i41,0,2020-02-20 07:11:45,0.0,
https://www.reddit.com/r/wallstreetbets/comments/f6kk0d/lets_get_that_cake/,15,2020-02-20 03:41:26,0.07770999999999999,
https://www.reddit.com/r/wallstreetbets/comments/f6k5ot/rad_is_the_next_spce/,265,2020-02-20 03:13:08,0.2366388384754991,STOR SPCE
https://www.reddit.com/r/wallstreetbets/comments/f6k556/semiconductors_for_dummies_tldr_buy_tsm_65c_417/,94,2020-02-20 03:11:55,0.6205071078431372,MSFT ET INTC GOOG QCOM AAPL NVDA QCOM NVDA AAPL X AMD TSM IBM
https://www.reddit.com/r/wallstreetbets/comments/f6igwu/kroger_kr_30c_228_and_305c_313_looking_at/,42,2020-02-20 01:18:17,-0.30165157894736844,COF KR NVDA
https://www.reddit.com/r/wallstreetbets/comments/f6gy0a/planters_peanut_pundit_pissed/,7,2020-02-19 23:36:51,-0.4350111111111112,KHC
https://www.reddit.com/r/wallstreetbets/comments/f6gv0l/bynd_meat_is_unhealthy/,1,2020-02-19 23:31:08,-0.012566666666666651,
https://www.reddit.com/r/wallstreetbets/comments/f6fci8/akam_literally_has_tits_to_the_moon/,39,2020-02-19 21:52:52,0.32757676767676763,NFLX
https://www.reddit.com/r/wallstreetbets/comments/f6e55h/zillow_group_inc_2192020_amc/,49,2020-02-19 20:35:12,-0.2517388888888889,RDFN TGT RDFN
https://www.reddit.com/r/wallstreetbets/comments/f6e1gj/expe_is_due_for_msft_type_run/,146,2020-02-19 20:28:44,-0.053056618240516544,
https://www.reddit.com/r/wallstreetbets/comments/f6dja0/dominos_pizza_2202020_bmo/,36,2020-02-19 19:55:33,0.35065,STOR TGT
https://www.reddit.com/r/wallstreetbets/comments/f6cypj/autist_car_auction_cprt/,35,2020-02-19 19:17:59,0.6975182795698925,COF NET
https://www.reddit.com/r/wallstreetbets/comments/f6cef7/target_calls/,2,2020-02-19 18:39:41,0.10866666666666668,
https://i.redd.it/lxqwueih3wh41.jpg,0,2020-02-19 17:20:02,0.0,
https://youtu.be/C6cXu1Ln6rk,0,2020-02-19 15:37:56,0.0,
